6in4                                                          , v26
acme                                                          , v2.8.7-6
acme-dnsapi                                                   , v2.8.7-6
acpica-unix                                                   , v20181213-1
acpid                                                         , v2.0.32-3
adbyby                                                        , v2.7-20200315
alsa-lib                                                      , v1.2.4-1
alsa-ucm-conf                                                 , v1.2.4-1
alsa-utils                                                    , v1.2.4-1
amd64-microcode                                               , v20191218-1
amdgpu-firmware                                               , v20210511-1
amule                                                         , v2.3.2-3
antfs-mount                                                   , v1
appfilter                                                     , v5.0-1
aria2                                                         , v1.36.0-2
ariang                                                        , v1.3.2-1
ath10k-board-qca9888                                          , v20210511-1
ath10k-board-qca988x                                          , v20210511-1
ath10k-board-qca9984                                          , v20210511-1
ath10k-firmware-qca9888                                       , v20210511-1
ath10k-firmware-qca988x                                       , v20210511-1
ath10k-firmware-qca9984                                       , v20210511-1
ath9k-htc-firmware                                            , v20210511-1
attr                                                          , v2.5.1-1
autocore-x86                                                  , v1-39
automount                                                     , v1-34
autosamba                                                     , v1-11
avahi-dbus-daemon                                             , v0.8-7
baidupcs-web                                                  , v3.7.4-1
bandwidthd                                                    , v2.0.1-35-3
base-files                                                    , v40-r3412-a9b30b2b2
bash                                                          , v5.1.16-1
bc                                                            , v1.06.95-1
bind-check                                                    , v9.17.13-1
bind-client                                                   , v9.17.13-1
bind-dig                                                      , v9.18.19-1
bind-dnssec                                                   , v9.17.13-1
bind-host                                                     , v9.17.13-1
bind-libs                                                     , v9.18.19-1
bind-nslookup                                                 , v9.17.13-1
bind-rndc                                                     , v9.17.13-1
bind-tools                                                    , v9.17.13-1
blkid                                                         , v2.36.1-2
block-mount                                                   , v2021-05-16-3d40a1b5-21
bnx2-firmware                                                 , v20210511-1
bnx2x-firmware                                                , v20210511-1
boost                                                         , v1.76.0-1
boost-date_time                                               , v1.76.0-1
boost-program_options                                         , v1.76.0-1
boost-system                                                  , v1.76.0-1
brcmfmac-firmware-43602a1-pcie                                , v20210511-1
brook                                                         , v20210701-1
bsdtar                                                        , v3.5.3-3
btrfs-progs                                                   , v5.11-1
busybox                                                       , v1.33.1-5
ca-bundle                                                     , v20211016-1
ca-certificates                                               , v20211016-1
ccrypt                                                        , v1.11-2
certtool                                                      , v3.7.2-1
cfdisk                                                        , v2.36.1-2
cgi-io                                                        , v2022-08-10-901b0f04-21
cgroupfs-mount                                                , v2020-06-26-05494281-2
chinadns-ng                                                   , v1.0-beta.25-1
confuse                                                       , v3.3-1
coremark                                                      , v2021-03-12-1541482b-2
coreutils                                                     , v8.32-6
coreutils-base64                                              , v8.32-6
coreutils-cksum                                               , v8.32-6
coreutils-nohup                                               , v8.32-6
coreutils-sleep                                               , v8.32-6
cryptsetup                                                    , v2.3.5-1
cups                                                          , v2.3.0-2
curl                                                          , v7.83.1-4.1
dbus                                                          , v1.13.18-1
ddns-scripts                                                  , v2.7.8-3
ddns-scripts_aliyun                                           , v1.0.3-1
ddns-scripts_cloudflare.com-v4                                , v2.7.8-3
ddns-scripts_dnspod                                           , v1.0.2-1
ddns-scripts_freedns_42_pl                                    , v2.7.8-3
ddns-scripts_godaddy.com-v1                                   , v2.7.8-3
ddns-scripts_no-ip_com                                        , v2.7.8-3
ddns-scripts_nsupdate                                         , v2.7.8-3
ddns-scripts_route53-v1                                       , v2.7.8-3
ddnsto                                                        , v0.3.0-2
default-settings                                              , v2-13
dmesg                                                         , v2.36.1-2
dns2socks                                                     , v2.1-2
dnsmasq-full                                                  , v2.85-9
dnstop                                                        , v2018-05-22-a5a5d2e2-1
dropbear                                                      , v2020.81-3
dsmboot                                                       , v5.2-5967.1
e100-firmware                                                 , v20210511-1
e2fsprogs                                                     , v1.45.6-2
etherwake                                                     , v1.09-5
ethtool                                                       , v5.12-1
fdisk                                                         , v2.36.1-2
fdk-aac                                                       , v2.0.1-4
firewall                                                      , v2021-03-29-a4355a6f-1
forked-daapd                                                  , v27.4-2
frpc                                                          , v0.37.0-1
frps                                                          , v0.37.0-1
fstools                                                       , v2021-05-16-3d40a1b5-21
fuse-utils                                                    , v2.9.9-1
fwtool                                                        , v2019-11-12-8f7fe925-1
getrandom                                                     , v2020-10-25-9ef88681-2
glib2                                                         , v2.68.1-1
grub2                                                         , v2.06-1
grub2-efi                                                     , v2.06-1
haproxy                                                       , v2.4.1-1
hd-idle                                                       , v1.05-2
hostapd-common                                                , v2021-05-22-b102f19b-11
htop                                                          , v3.0.5-1
iconv                                                         , v1.17-1
intel-microcode                                               , v20200616-1
ip-full                                                       , v5.11.0-4
ip6tables                                                     , v1.8.7-1
ip6tables-mod-nat                                             , v1.8.7-1
iperf3                                                        , v3.10.1-1
ipset                                                         , v7.6-1
ipt2socks                                                     , v1.1.3-2
iptables                                                      , v1.8.7-1
iptables-mod-conntrack-extra                                  , v1.8.7-1
iptables-mod-extra                                            , v1.8.7-1
iptables-mod-filter                                           , v1.8.7-1
iptables-mod-fullconenat                                      , v2019-10-21-0cf3b48f-3
iptables-mod-ipopt                                            , v1.8.7-1
iptables-mod-ipsec                                            , v1.8.7-1
iptables-mod-nat-extra                                        , v1.8.7-1
iptables-mod-tproxy                                           , v1.8.7-1
iputils-arping                                                , v20210202-1
ipv6helper                                                    , v1.0-2
iw                                                            , v5.9-8fab0c9e-8
iwinfo                                                        , v2021-06-28-c9b1672f-3
iwlwifi-firmware-iwl7260                                      , v20210511-1
iwlwifi-firmware-iwl7265                                      , v20210511-1
iwlwifi-firmware-iwl7265d                                     , v20210511-1
iwlwifi-firmware-iwl8260c                                     , v20210511-1
iwlwifi-firmware-iwl8265                                      , v20210511-1
iwlwifi-firmware-iwl9000                                      , v20210511-1
iwlwifi-firmware-iwl9260                                      , v20210511-1
jshn                                                          , v2021-05-16-b14c4688-2
jsonfilter                                                    , v2018-02-04-c7e938d6-1
kcptun-client                                                 , v20201010-1
kcptun-config                                                 , v20201010-1
kernel                                                        , v5.4.128-1-cbb8ac4935d598d6698273eeff206105
kmod-3c59x                                                    , v5.4.128-1
kmod-8139cp                                                   , v5.4.128-1
kmod-8139too                                                  , v5.4.128-1
kmod-ac97                                                     , v5.4.128-1
kmod-alx                                                      , v5.4.128-1
kmod-amazon-ena                                               , v5.4.128-1
kmod-amd-xgbe                                                 , v5.4.128-1
kmod-asn1-decoder                                             , v5.4.128-1
kmod-atl1                                                     , v5.4.128-1
kmod-atl1c                                                    , v5.4.128-1
kmod-atl1e                                                    , v5.4.128-1
kmod-atl2                                                     , v5.4.128-1
kmod-atm                                                      , v5.4.128-1
kmod-b44                                                      , v5.4.128-1
kmod-backlight                                                , v5.4.128-1
kmod-be2net                                                   , v5.4.128-1
kmod-bnx2                                                     , v5.4.128-1
kmod-bnx2x                                                    , v5.4.128-1
kmod-bonding                                                  , v5.4.128-1
kmod-br-netfilter                                             , v5.4.128-1
kmod-cfg80211                                                 , v5.4.128+5.10.42-1-2
kmod-chaoskey                                                 , v5.4.128-1
kmod-crypto-acompress                                         , v5.4.128-1
kmod-crypto-aead                                              , v5.4.128-1
kmod-crypto-arc4                                              , v5.4.128-1
kmod-crypto-authenc                                           , v5.4.128-1
kmod-crypto-cbc                                               , v5.4.128-1
kmod-crypto-ccm                                               , v5.4.128-1
kmod-crypto-cmac                                              , v5.4.128-1
kmod-crypto-crc32                                             , v5.4.128-1
kmod-crypto-crc32c                                            , v5.4.128-1
kmod-crypto-ctr                                               , v5.4.128-1
kmod-crypto-cts                                               , v5.4.128-1
kmod-crypto-deflate                                           , v5.4.128-1
kmod-crypto-des                                               , v5.4.128-1
kmod-crypto-ecb                                               , v5.4.128-1
kmod-crypto-ecdh                                              , v5.4.128-1
kmod-crypto-echainiv                                          , v5.4.128-1
kmod-crypto-fcrypt                                            , v5.4.128-1
kmod-crypto-gcm                                               , v5.4.128-1
kmod-crypto-gf128                                             , v5.4.128-1
kmod-crypto-ghash                                             , v5.4.128-1
kmod-crypto-hash                                              , v5.4.128-1
kmod-crypto-hmac                                              , v5.4.128-1
kmod-crypto-hw-ccp                                            , v5.4.128-1
kmod-crypto-hw-hifn-795x                                      , v5.4.128-1
kmod-crypto-hw-padlock                                        , v5.4.128-1
kmod-crypto-kpp                                               , v5.4.128-1
kmod-crypto-lib-blake2s                                       , v5.4.128-1
kmod-crypto-lib-chacha20                                      , v5.4.128-1
kmod-crypto-lib-chacha20poly1305                              , v5.4.128-1
kmod-crypto-lib-curve25519                                    , v5.4.128-1
kmod-crypto-lib-poly1305                                      , v5.4.128-1
kmod-crypto-manager                                           , v5.4.128-1
kmod-crypto-md4                                               , v5.4.128-1
kmod-crypto-md5                                               , v5.4.128-1
kmod-crypto-michael-mic                                       , v5.4.128-1
kmod-crypto-misc                                              , v5.4.128-1
kmod-crypto-null                                              , v5.4.128-1
kmod-crypto-pcbc                                              , v5.4.128-1
kmod-crypto-rmd160                                            , v5.4.128-1
kmod-crypto-rng                                               , v5.4.128-1
kmod-crypto-rsa                                               , v5.4.128-1
kmod-crypto-seqiv                                             , v5.4.128-1
kmod-crypto-sha1                                              , v5.4.128-1
kmod-crypto-sha256                                            , v5.4.128-1
kmod-crypto-sha512                                            , v5.4.128-1
kmod-crypto-test                                              , v5.4.128-1
kmod-crypto-user                                              , v5.4.128-1
kmod-crypto-xcbc                                              , v5.4.128-1
kmod-crypto-xts                                               , v5.4.128-1
kmod-cryptodev                                                , v5.4.128+1.11-x86-1
kmod-dax                                                      , v5.4.128-1
kmod-dm                                                       , v5.4.128-1
kmod-dm9000                                                   , v5.4.128-1
kmod-dma-buf                                                  , v5.4.128-1
kmod-dnsresolver                                              , v5.4.128-1
kmod-drm                                                      , v5.4.128-1
kmod-drm-amdgpu                                               , v5.4.128-1
kmod-drm-kms-helper                                           , v5.4.128-1
kmod-drm-ttm                                                  , v5.4.128-1
kmod-dummy                                                    , v5.4.128-1
kmod-e100                                                     , v5.4.128-1
kmod-e1000                                                    , v5.4.128-1
kmod-e1000e                                                   , v5.4.128-1
kmod-eeprom-93cx6                                             , v5.4.128-1
kmod-et131x                                                   , v5.4.128-1
kmod-ethoc                                                    , v5.4.128-1
kmod-fast-classifier                                          , v5.4.128-1
kmod-fb                                                       , v5.4.128-1
kmod-fb-cfb-copyarea                                          , v5.4.128-1
kmod-fb-cfb-fillrect                                          , v5.4.128-1
kmod-fb-cfb-imgblt                                            , v5.4.128-1
kmod-fb-sys-fops                                              , v5.4.128-1
kmod-fb-sys-ram                                               , v5.4.128-1
kmod-forcedeth                                                , v5.4.128-1
kmod-fs-antfs                                                 , v5.4.128+2020-02-10-b41ba529-2
kmod-fs-btrfs                                                 , v5.4.128-1
kmod-fs-cifs                                                  , v5.4.128-1
kmod-fs-exfat                                                 , v5.4.128-1
kmod-fs-exportfs                                              , v5.4.128-1
kmod-fs-ext4                                                  , v5.4.128-1
kmod-fs-f2fs                                                  , v5.4.128-1
kmod-fs-ksmbd                                                 , v5.4.128+3.3.9-1
kmod-fs-nfs                                                   , v5.4.128-1
kmod-fs-nfs-common                                            , v5.4.128-1
kmod-fs-nfs-common-rpcsec                                     , v5.4.128-1
kmod-fs-nfs-v3                                                , v5.4.128-1
kmod-fs-nfs-v4                                                , v5.4.128-1
kmod-fs-nfsd                                                  , v5.4.128-1
kmod-fs-vfat                                                  , v5.4.128-1
kmod-fuse                                                     , v5.4.128-1
kmod-gre                                                      , v5.4.128-1
kmod-hfcmulti                                                 , v5.4.128-1
kmod-hfcpci                                                   , v5.4.128-1
kmod-hid                                                      , v5.4.128-1
kmod-hid-generic                                              , v5.4.128-1
kmod-hwmon-core                                               , v5.4.128-1
kmod-i2c-algo-bit                                             , v5.4.128-1
kmod-i2c-core                                                 , v5.4.128-1
kmod-i40e                                                     , v5.4.128-1
kmod-iavf                                                     , v5.4.128-1
kmod-ifb                                                      , v5.4.128-1
kmod-igb                                                      , v5.4.128-1
kmod-igbvf                                                    , v5.4.128-1
kmod-igc                                                      , v5.4.128-1
kmod-ikconfig                                                 , v5.4.128-1
kmod-input-core                                               , v5.4.128-1
kmod-input-evdev                                              , v5.4.128-1
kmod-ip6tables                                                , v5.4.128-1
kmod-ipsec                                                    , v5.4.128-1
kmod-ipsec4                                                   , v5.4.128-1
kmod-ipsec6                                                   , v5.4.128-1
kmod-ipt-conntrack                                            , v5.4.128-1
kmod-ipt-conntrack-extra                                      , v5.4.128-1
kmod-ipt-core                                                 , v5.4.128-1
kmod-ipt-extra                                                , v5.4.128-1
kmod-ipt-filter                                               , v5.4.128-1
kmod-ipt-fullconenat                                          , v5.4.128+2019-10-21-0cf3b48f-3
kmod-ipt-ipopt                                                , v5.4.128-1
kmod-ipt-ipsec                                                , v5.4.128-1
kmod-ipt-ipset                                                , v5.4.128-1
kmod-ipt-nat                                                  , v5.4.128-1
kmod-ipt-nat-extra                                            , v5.4.128-1
kmod-ipt-nat6                                                 , v5.4.128-1
kmod-ipt-offload                                              , v5.4.128-1
kmod-ipt-raw                                                  , v5.4.128-1
kmod-ipt-tproxy                                               , v5.4.128-1
kmod-iptunnel                                                 , v5.4.128-1
kmod-iptunnel4                                                , v5.4.128-1
kmod-iptunnel6                                                , v5.4.128-1
kmod-ipvlan                                                   , v5.4.128-1
kmod-irqbypass                                                , v5.4.128-1
kmod-iwlwifi                                                  , v5.4.128+5.10.42-1-2
kmod-ixgbe                                                    , v5.4.128-1
kmod-ixgbevf                                                  , v5.4.128-1
kmod-kvm-amd                                                  , v5.4.128-1
kmod-kvm-intel                                                , v5.4.128-1
kmod-kvm-x86                                                  , v5.4.128-1
kmod-ledtrig-audio                                            , v5.4.128-1
kmod-lib-crc-ccitt                                            , v5.4.128-1
kmod-lib-crc-itu-t                                            , v5.4.128-1
kmod-lib-crc16                                                , v5.4.128-1
kmod-lib-crc32c                                               , v5.4.128-1
kmod-lib-crc7                                                 , v5.4.128-1
kmod-lib-lzo                                                  , v5.4.128-1
kmod-lib-raid6                                                , v5.4.128-1
kmod-lib-textsearch                                           , v5.4.128-1
kmod-lib-xor                                                  , v5.4.128-1
kmod-lib-zlib-deflate                                         , v5.4.128-1
kmod-lib-zlib-inflate                                         , v5.4.128-1
kmod-lib-zstd                                                 , v5.4.128-1
kmod-libphy                                                   , v5.4.128-1
kmod-lp                                                       , v5.4.128-1
kmod-mac80211                                                 , v5.4.128+5.10.42-1-2
kmod-macvlan                                                  , v5.4.128-1
kmod-md-mod                                                   , v5.4.128-1
kmod-md-raid0                                                 , v5.4.128-1
kmod-md-raid1                                                 , v5.4.128-1
kmod-md-raid10                                                , v5.4.128-1
kmod-md-raid456                                               , v5.4.128-1
kmod-mdio                                                     , v5.4.128-1
kmod-mdio-gpio                                                , v5.4.128-1
kmod-mii                                                      , v5.4.128-1
kmod-misdn                                                    , v5.4.128-1
kmod-mlx4-core                                                , v5.4.128-1
kmod-mlx5-core                                                , v5.4.128-1
kmod-mmc                                                      , v5.4.128-1
kmod-mmc-spi                                                  , v5.4.128-1
kmod-mppe                                                     , v5.4.238-1
kmod-multimedia-input                                         , v5.4.128-1
kmod-natsemi                                                  , v5.4.128-1
kmod-ne2k-pci                                                 , v5.4.128-1
kmod-nf-conntrack                                             , v5.4.128-1
kmod-nf-conntrack-netlink                                     , v5.4.128-1
kmod-nf-conntrack6                                            , v5.4.128-1
kmod-nf-flow                                                  , v5.4.128-1
kmod-nf-ipt                                                   , v5.4.128-1
kmod-nf-ipt6                                                  , v5.4.128-1
kmod-nf-ipvs                                                  , v5.4.128-1
kmod-nf-nat                                                   , v5.4.128-1
kmod-nf-nat6                                                  , v5.4.128-1
kmod-nf-nathelper                                             , v5.4.128-1
kmod-nf-nathelper-extra                                       , v5.4.128-1
kmod-nf-reject                                                , v5.4.128-1
kmod-nf-reject6                                               , v5.4.128-1
kmod-nfnetlink                                                , v5.4.128-1
kmod-nft-bridge                                               , v5.4.128-1
kmod-nft-core                                                 , v5.4.128-1
kmod-nft-netdev                                               , v5.4.128-1
kmod-niu                                                      , v5.4.128-1
kmod-nls-base                                                 , v5.4.128-1
kmod-nls-cp437                                                , v5.4.128-1
kmod-nls-iso8859-1                                            , v5.4.128-1
kmod-nls-utf8                                                 , v5.4.128-1
kmod-nsh                                                      , v5.4.128-1
kmod-oaf                                                      , v5.4.128+5.0-1
kmod-openvswitch                                              , v5.4.128+2.15.0-1
kmod-pcnet32                                                  , v5.4.128-1
kmod-phy-bcm84881                                             , v5.4.128-1
kmod-phy-broadcom                                             , v5.4.128-1
kmod-phy-realtek                                              , v5.4.128-1
kmod-phylib-broadcom                                          , v5.4.128-1
kmod-phylink                                                  , v5.4.128-1
kmod-ppdev                                                    , v5.4.128-1
kmod-ppp                                                      , v5.4.128-1
kmod-pppoe                                                    , v5.4.128-1
kmod-pppox                                                    , v5.4.128-1
kmod-pps                                                      , v5.4.128-1
kmod-ptp                                                      , v5.4.128-1
kmod-qlcnic                                                   , v5.4.128-1
kmod-r6040                                                    , v5.4.128-1
kmod-r8125-mod                                                , v5.4.128+9.005.06-x86-1
kmod-r8152                                                    , v5.4.128+2.13-x86-0
kmod-r8168                                                    , v5.4.128+8.048.03-x86-3
kmod-r8169                                                    , v5.4.128-1
kmod-random-core                                              , v5.4.128-1
kmod-regmap-core                                              , v5.4.128-1
kmod-rt2800-lib                                               , v5.4.128+5.10.42-1-2
kmod-rt2800-usb                                               , v5.4.128+5.10.42-1-2
kmod-rt2x00-lib                                               , v5.4.128+5.10.42-1-2
kmod-rt2x00-mmio                                              , v5.4.128+5.10.42-1-2
kmod-rt2x00-pci                                               , v5.4.128+5.10.42-1-2
kmod-rt2x00-usb                                               , v5.4.128+5.10.42-1-2
kmod-rt61-pci                                                 , v5.4.128+5.10.42-1-2
kmod-rt73-usb                                                 , v5.4.128+5.10.42-1-2
kmod-rtl8187                                                  , v5.4.128+5.10.42-1-2
kmod-rtl8192c-common                                          , v5.4.128+5.10.42-1-2
kmod-rtl8192ce                                                , v5.4.128+5.10.42-1-2
kmod-rtl8192cu                                                , v5.4.128+5.10.42-1-2
kmod-rtl8192de                                                , v5.4.128+5.10.42-1-2
kmod-rtl8192se                                                , v5.4.128+5.10.42-1-2
kmod-rtl8723bs                                                , v5.4.128+5.10.42-1-2
kmod-rtl8812au-ct                                             , v5.4.128+2020-12-07-1e9689c8-1
kmod-rtl8821ae                                                , v5.4.128+5.10.42-1-2
kmod-rtl8xxxu                                                 , v5.4.128+5.10.42-1-2
kmod-rtlwifi                                                  , v5.4.128+5.10.42-1-2
kmod-rtlwifi-btcoexist                                        , v5.4.128+5.10.42-1-2
kmod-rtlwifi-pci                                              , v5.4.128+5.10.42-1-2
kmod-rtlwifi-usb                                              , v5.4.128+5.10.42-1-2
kmod-sched-cake                                               , v5.4.128-1
kmod-sched-connmark                                           , v5.4.128-1
kmod-sched-core                                               , v5.4.128-1
kmod-scsi-core                                                , v5.4.128-1
kmod-sdhci                                                    , v5.4.128-1
kmod-sfc                                                      , v5.4.128-1
kmod-sfc-falcon                                               , v5.4.128-1
kmod-sfp                                                      , v5.4.128-1
kmod-shortcut-fe                                              , v5.4.128-2
kmod-siit                                                     , v5.4.128+1.2-3
kmod-sis190                                                   , v5.4.128-1
kmod-sis900                                                   , v5.4.128-1
kmod-sit                                                      , v5.4.128-1
kmod-skge                                                     , v5.4.128-1
kmod-sky2                                                     , v5.4.128-1
kmod-slhc                                                     , v5.4.128-1
kmod-solos-pci                                                , v5.4.128-1
kmod-sound-core                                               , v5.4.128-1
kmod-sound-hda-codec-hdmi                                     , v5.4.128-1
kmod-sound-hda-codec-realtek                                  , v5.4.128-1
kmod-sound-hda-codec-via                                      , v5.4.128-1
kmod-sound-hda-core                                           , v5.4.128-1
kmod-sound-hda-intel                                          , v5.4.128-1
kmod-sound-i8x0                                               , v5.4.128-1
kmod-sound-mpu401                                             , v5.4.128-1
kmod-sound-via82xx                                            , v5.4.128-1
kmod-spi-ks8995                                               , v5.4.128-1
kmod-ssb                                                      , v5.4.128-1
kmod-swconfig                                                 , v5.4.128-1
kmod-switch-bcm53xx                                           , v5.4.128-1
kmod-switch-bcm53xx-mdio                                      , v5.4.128-1
kmod-switch-ip17xx                                            , v5.4.128-1
kmod-switch-rtl8306                                           , v5.4.128-1
kmod-switch-rtl8366-smi                                       , v5.4.128-1
kmod-switch-rtl8366rb                                         , v5.4.128-1
kmod-switch-rtl8366s                                          , v5.4.128-1
kmod-switch-rtl8367b                                          , v5.4.128-1
kmod-tcp-bbr                                                  , v5.4.128-1
kmod-tcp-hybla                                                , v5.4.128-1
kmod-tg3                                                      , v5.4.128-1
kmod-tulip                                                    , v5.4.128-1
kmod-tun                                                      , v5.4.128-1
kmod-udptunnel4                                               , v5.4.128-1
kmod-udptunnel6                                               , v5.4.128-1
kmod-usb-acm                                                  , v5.4.128-1
kmod-usb-atm                                                  , v5.4.128-1
kmod-usb-atm-cxacru                                           , v5.4.128-1
kmod-usb-atm-speedtouch                                       , v5.4.128-1
kmod-usb-atm-ueagle                                           , v5.4.128-1
kmod-usb-audio                                                , v5.4.128-1
kmod-usb-cm109                                                , v5.4.128-1
kmod-usb-core                                                 , v5.4.128-1
kmod-usb-dwc2                                                 , v5.4.128-1
kmod-usb-dwc3                                                 , v5.4.128-1
kmod-usb-ehci                                                 , v5.4.128-1
kmod-usb-hid                                                  , v5.4.128-1
kmod-usb-hid-cp2112                                           , v5.4.128-1
kmod-usb-ledtrig-usbport                                      , v5.4.128-1
kmod-usb-net                                                  , v5.4.128-1
kmod-usb-net-aqc111                                           , v5.4.128-1
kmod-usb-net-asix                                             , v5.4.128-1
kmod-usb-net-asix-ax88179                                     , v5.4.128-1
kmod-usb-net-cdc-eem                                          , v5.4.128-1
kmod-usb-net-cdc-ether                                        , v5.4.128-1
kmod-usb-net-cdc-mbim                                         , v5.4.128-1
kmod-usb-net-cdc-ncm                                          , v5.4.128-1
kmod-usb-net-cdc-subset                                       , v5.4.128-1
kmod-usb-net-dm9601-ether                                     , v5.4.128-1
kmod-usb-net-hso                                              , v5.4.128-1
kmod-usb-net-huawei-cdc-ncm                                   , v5.4.128-1
kmod-usb-net-ipheth                                           , v5.4.128-1
kmod-usb-net-kalmia                                           , v5.4.128-1
kmod-usb-net-kaweth                                           , v5.4.128-1
kmod-usb-net-mcs7830                                          , v5.4.128-1
kmod-usb-net-pegasus                                          , v5.4.128-1
kmod-usb-net-pl                                               , v5.4.128-1
kmod-usb-net-qmi-wwan                                         , v5.4.128-1
kmod-usb-net-rndis                                            , v5.4.128-1
kmod-usb-net-rtl8150                                          , v5.4.128-1
kmod-usb-net-sierrawireless                                   , v5.4.128-1
kmod-usb-net-smsc95xx                                         , v5.4.128-1
kmod-usb-net-sr9700                                           , v5.4.128-1
kmod-usb-ohci                                                 , v5.4.128-1
kmod-usb-ohci-pci                                             , v5.4.128-1
kmod-usb-printer                                              , v5.4.128-1
kmod-usb-roles                                                , v5.4.128-1
kmod-usb-storage                                              , v5.4.128-1
kmod-usb-storage-extras                                       , v5.4.128-1
kmod-usb-storage-uas                                          , v5.4.128-1
kmod-usb-uhci                                                 , v5.4.128-1
kmod-usb-wdm                                                  , v5.4.128-1
kmod-usb-xhci-hcd                                             , v5.4.128-1
kmod-usb-yealink                                              , v5.4.128-1
kmod-usb2                                                     , v5.4.128-1
kmod-usb2-pci                                                 , v5.4.128-1
kmod-usb3                                                     , v5.4.128-1
kmod-usbip                                                    , v5.4.128-1
kmod-usbip-client                                             , v5.4.128-1
kmod-usbip-server                                             , v5.4.128-1
kmod-usbmon                                                   , v5.4.128-1
kmod-veth                                                     , v5.4.128-1
kmod-via-rhine                                                , v5.4.128-1
kmod-via-velocity                                             , v5.4.128-1
kmod-vmxnet3                                                  , v5.4.128-1
kmod-vxlan                                                    , v5.4.128-1
kmod-wireguard                                                , v5.4.128-1
lame-lib                                                      , v3.100-1
libaio                                                        , v0.3.112-2
libantlr3c                                                    , v3.4-1
libarchive                                                    , v3.5.3-3
libatomic1                                                    , v8.4.0-3
libattr                                                       , v2.5.1-1
libavahi-client                                               , v0.8-7
libavahi-dbus-support                                         , v0.8-7
libbfd                                                        , v2.35.2-1
libblkid1                                                     , v2.36.1-2
libblobmsg-json20210516                                       , v2021-05-16-b14c4688-2
libbpf0                                                       , v5.11.16-1
libbz2-1.0                                                    , v1.0.8-1
libc                                                          , v1.1.24-3
libcap                                                        , v2.48-1
libcap-bin                                                    , v2.48-1
libcares                                                      , v1.17.1-1
libcharset1                                                   , v1.16-1
libcomerr0                                                    , v1.45.6-2
libconfig11                                                   , v1.7.2-3
libcryptopp                                                   , v5.6.4-2
libcups-2.3                                                   , v2.3.0-2
libcurl4                                                      , v7.83.1-4.1
libdaemon                                                     , v0.14-5
libdb47                                                       , v4.7.25.4.NC-7
libdbus                                                       , v1.13.18-1
libdevmapper                                                  , v2.03.12-1
libedit                                                       , v20210419-3.1-1
libelf1                                                       , v0.180-2
libev                                                         , v4.31-1
libevdev                                                      , v1.11.0-1
libevent2-7                                                   , v2.1.12-1
libexif                                                       , v0.6.22-1
libexpat                                                      , v2.4.1-1
libext2fs2                                                    , v1.45.6-2
libf2fs6                                                      , v1.14.0-1
libfdisk1                                                     , v2.36.1-2
libffi                                                        , v3.3-2
libffmpeg-full                                                , v4.3.2-1
libflac                                                       , v1.3.3-1
libfreetype                                                   , v2.10.4-2
libfuse1                                                      , v2.9.9-1
libgcc1                                                       , v8.4.0-3
libgcrypt                                                     , v1.9.3-1
libgd-full                                                    , v2.3.2-1
libgdbm                                                       , v1.19-1
libgmp10                                                      , v6.2.1-1
libgnutls                                                     , v3.7.2-1
libgpg-error                                                  , v1.42-1
libhttp-parser                                                , v2.9.4-1
libiconv-full2                                                , v1.16-1
libid3tag                                                     , v0.15.1b-4
libip4tc2                                                     , v1.8.7-1
libip6tc2                                                     , v1.8.7-1
libipset13                                                    , v7.6-1
libiwinfo-lua                                                 , v2021-06-28-c9b1672f-3
libiwinfo20210430                                             , v2021-06-28-c9b1672f-3
libjpeg-turbo                                                 , v2.1.0-1
libjson-c5                                                    , v0.15-2
libjson-script20210516                                        , v2021-05-16-b14c4688-2
libkeyutils1                                                  , v1.6.3-1
libltdl7                                                      , v2.4.6-2
liblua5.1.5                                                   , v5.1.5-9
liblua5.3-5.3                                                 , v5.3.5-4
liblucihttp-lua                                               , v2021-06-11-3dc89af4-1
liblucihttp0                                                  , v2021-06-11-3dc89af4-1
liblzma                                                       , v5.2.5-3
liblzo2                                                       , v2.10-4
libmaxminddb                                                  , v1.6.0-1
libmbedtls12                                                  , v2.16.10-1
libminiupnpc                                                  , v2.2.2-1
libmnl0                                                       , v1.0.4-2
libmount1                                                     , v2.36.1-2
libnatpmp1                                                    , v20150609-3
libncurses6                                                   , v6.2-2
libnetfilter-conntrack3                                       , v1.0.8-1
libnetsnmp                                                    , v5.9-1
libnettle8                                                    , v3.6-1
libnfnetlink0                                                 , v1.0.1-4
libnftnl11                                                    , v1.1.8-1
libnghttp2-14                                                 , v1.43.0-1
libnl-core200                                                 , v3.5.0-1
libnl-genl200                                                 , v3.5.0-1
libnl-route200                                                , v3.5.0-1
libnl-tiny1                                                   , v2020-08-05-c291088f-2
libnss                                                        , v3.65-1
libogg0                                                       , v1.3.4-1
libopenssl-conf                                               , v1.1.1k-1
libopenssl1.1                                                 , v1.1.1k-1
libopenssl3                                                   , v3.0.8-4
libopus                                                       , v1.3.1-3
libpcap1                                                      , v1.10.0-1
libpci                                                        , v3.7.0-2
libpcre                                                       , v8.44-4
libpcre2                                                      , v10.36-1
libplist                                                      , v2.2.0-3
libpng                                                        , v1.6.37-11
libpopt0                                                      , v1.16-2
libprotobuf-c                                                 , v1.4.0-1
libpthread                                                    , v1.1.24-3
libpython3-3.9                                                , v3.9.5-2
libreadline8                                                  , v8.1-1
librt                                                         , v1.1.24-3
libruby3.0                                                    , v3.0.1-1
libsensors5                                                   , v3.6.0-1
libsmartcols1                                                 , v2.36.1-2
libsodium                                                     , v1.0.18-3
libsoxr                                                       , v0.1.3-2
libsqlite3-0                                                  , v3330000-2
libss2                                                        , v1.45.6-2
libssh2-1                                                     , v1.10.0-1
libstdcpp6                                                    , v12.2.0-4
libsysfs2                                                     , v2.1.0-3
libtasn1                                                      , v4.16.0-1
libtiff5                                                      , v4.2.0-2
libtirpc                                                      , v1.3.1-1
libubox20210516                                               , v2021-05-16-b14c4688-2
libubus-lua                                                   , v2021-06-30-4fc532c8-2
libubus20210603                                               , v2021-06-03-a8cf6782-2
libubus20210630                                               , v2021-06-30-4fc532c8-2
libuci-lua                                                    , v2021-04-14-4b3db117-5
libuci20130104                                                , v2021-04-14-4b3db117-5
libuclient20201210                                            , v2021-05-14-6a6011df-1
libudev-zero                                                  , v0.4.8-1
libudns                                                       , v0.4-1
libunbound                                                    , v1.13.1-1
libunistring                                                  , v0.9.10-1
libunwind8                                                    , v1.5.0-1
libupnp                                                       , v1.14.7-1
liburing                                                      , v2.0-1
libusb-1.0-0                                                  , v1.0.24-5
libustream-openssl20201210                                    , v2020-12-10-68d09243-2
libuuid1                                                      , v2.36.1-2
libuv1                                                        , v1.41.0-1
libvorbis                                                     , v1.3.7-1
libwebp                                                       , v1.2.0-1
libwebsockets-full                                            , v4.1.6-1
libwolfssl5.5.3.99a5b54a                                      , v5.5.3-stable-1
libwrap                                                       , v7.6-4
libwxbase                                                     , v2.8.12-1
libxml2                                                       , v2.10.3-2
libxml2-dev                                                   , v2.10.3-2
libxtables12                                                  , v1.8.7-1
libyaml                                                       , v0.2.5-1
libzip-gnutls                                                 , v1.7.3-1
LingTiGameAcc                                                 , v20210307-1.4.2
linkease                                                      , v0.3.58-1
lm-sensors                                                    , v3.6.0-1
lm-sensors-detect                                             , v3.6.0-1
logd                                                          , v2020-10-25-9ef88681-2
losetup                                                       , v2.36.1-2
lsblk                                                         , v2.36.1-2
lscpu                                                         , v2.36.1-2
lsof                                                          , v4.94.0-1
lua                                                           , v5.1.5-9
lua-cjson                                                     , v2.1.0-2
lua-maxminddb                                                 , v0.2-6
lua-md5                                                       , v1.3-1
luasec                                                        , v0.9-1
luasocket                                                     , v2019-04-21-733af884-1
luci                                                          , vgit-21.175.10795-3d7bad0-1
luci-app-accesscontrol                                        , v1-11
luci-app-adbyby-plus                                          , v2.0-75
luci-app-adguardhome                                          , v1.8-11
luci-app-airplay2                                             , v1-10
luci-app-amule                                                , vgit-21.181.50546-a9b30b2-1
luci-app-aria2                                                , v1.0.1-3
luci-app-arpbind                                              , v1-3
luci-app-autoreboot                                           , v1.0-8
luci-app-baidupcs-web                                         , v1.0-5
luci-app-bandwidthd                                           , v1-1
luci-app-beardropper                                          , v1.1-20200522
luci-app-cifs-mount                                           , v1-7
luci-app-clash                                                , vv1.8.0
luci-app-control-timewol                                      , v1.0-3-20190309
luci-app-control-webrestriction                               , v1.0-5-20200107
luci-app-control-weburl                                       , v1.0-3-20190309
luci-app-cupsd                                                , v1.2-1
luci-app-ddns                                                 , v2.4.9-8
luci-app-ddnsto                                               , v1.0.0-1
luci-app-diskman                                              , vv0.2.11-beta
luci-app-eqos                                                 , vgit-20.164.74485-0a92c44-1
luci-app-fileassistant                                        , v1.0-2
luci-app-filetransfer                                         , v1-2
luci-app-firewall                                             , vgit-22.089.67741-3856d50
luci-app-frpc                                                 , v1.4-1
luci-app-frps                                                 , v0.0.2-3
luci-app-godproxy                                             , v3.8.5-3-20210421
luci-app-hd-idle                                              , vgit-21.175.10795-3d7bad0-1
luci-app-ipsec-vpnd                                           , v1.0-9
luci-app-kodexplorer                                          , v13-1
luci-app-LingTiGameAcc                                        , v20200726-1
luci-app-linkease                                             , v2.1.0-2
luci-app-mentohust                                            , v4.0.0-1
luci-app-minidlna                                             , vgit-21.175.10795-3d7bad0-1
luci-app-music-remote-center                                  , v1-6
luci-app-mwan3                                                , vgit-21.175.10795-3d7bad0-1
luci-app-mwan3helper                                          , v1-3
luci-app-netdata                                              , v1.0-3
luci-app-nfs                                                  , v1.1-1
luci-app-nlbwmon                                              , vgit-23.013.73667-bb1e09e
luci-app-nps                                                  , v1.1-4
luci-app-oaf                                                  , v5.0-1
luci-app-ocserv                                               , vgit-21.175.10795-3d7bad0-1
luci-app-onliner                                              , v1.1-5
luci-app-openclash                                            , v0.47.055
luci-app-openvpn                                              , vgit-21.175.10795-3d7bad0-1
luci-app-openvpn-server                                       , v2.0-18
luci-app-opkg                                                 , vgit-22.273.29015-e01e38c
luci-app-passwall                                             , v4-26
luci-app-poweroff                                             , v20200726-1
luci-app-pptp-server                                          , v1-7-20210628
luci-app-ps3netsrv                                            , v1-2
luci-app-qbittorrent                                          , v1.0-21
luci-app-ramfree                                              , v1.0-1
luci-app-rclone                                               , v1.4.1-1
luci-app-samba4                                               , vgit-21.181.50546-a9b30b2-1
luci-app-socat                                                , vgit-21.178.65862-1258c4a-3
luci-app-softethervpn                                         , v1.0-3
luci-app-sqm                                                  , v1.4.0-9
luci-app-ssr-plus                                             , v184-9
luci-app-syncdial                                             , v2.0-25
luci-app-syncthing                                            , v1.0-2
luci-app-tencentddns                                          , v0.1.0-1
luci-app-timecontrol                                          , v1.0-1-20200402
luci-app-transmission                                         , vgit-21.175.10795-3d7bad0-1
luci-app-ttyd                                                 , v1.0-3
luci-app-turboacc                                             , vgit-21.181.50546-a9b30b2-4
luci-app-udpxy                                                , vgit-21.175.10795-3d7bad0-1
luci-app-uhttpd                                               , vgit-21.175.10795-3d7bad0-1
luci-app-unblockmusic                                         , v2.3.5-17
luci-app-upnp                                                 , vgit-21.175.10795-3d7bad0-1
luci-app-usb-printer                                          , v1.0-2
luci-app-uugamebooster                                        , v1.0-8
luci-app-v2ray-server                                         , v13-1
luci-app-verysync                                             , v1.0-4
luci-app-vlmcsd                                               , v1.0-5
luci-app-vsftpd                                               , v1.0-3
luci-app-webadmin                                             , v2-1
luci-app-wireguard                                            , vgit-21.175.10795-3d7bad0-1
luci-app-wol                                                  , vgit-21.175.10795-3d7bad0-1
luci-app-wrtbwmon                                             , v1.0-7
luci-app-xlnetacc                                             , v1.0.5-2
luci-app-zerotier                                             , v1.0-20
luci-base                                                     , vgit-23.093.57360-e98243e
luci-compat                                                   , vgit-22.046.85744-f08a0f6
luci-i18n-accesscontrol-zh-cn                                 , v1-11
luci-i18n-adbyby-plus-zh-cn                                   , v2.0-75
luci-i18n-airplay2-zh-cn                                      , v1-10
luci-i18n-amule-zh-cn                                         , vgit-21.181.50546-a9b30b2-1
luci-i18n-aria2-zh-cn                                         , v1.0.1-3
luci-i18n-arpbind-zh-cn                                       , v1-3
luci-i18n-autoreboot-zh-cn                                    , v1.0-8
luci-i18n-base-zh-cn                                          , vgit-21.175.10795-3d7bad0-1
luci-i18n-beardropper-zh-cn                                   , v1.1-20200522
luci-i18n-bonding-zh-cn                                       , vgit-21.181.50546-a9b30b2-1
luci-i18n-cifs-mount-zh-cn                                    , v1-7
luci-i18n-control-timewol-zh-cn                               , v1.0-3-20190309
luci-i18n-control-webrestriction-zh-cn                        , v1.0-5-20200107
luci-i18n-control-weburl-zh-cn                                , v1.0-3-20190309
luci-i18n-ddns-zh-cn                                          , v2.4.9-8
luci-i18n-ddnsto-zh-cn                                        , v1.0.0-1
luci-i18n-filetransfer-zh-cn                                  , v1-2
luci-i18n-firewall-zh-cn                                      , vgit-21.175.10795-3d7bad0-1
luci-i18n-frpc-zh-cn                                          , v1.4-1
luci-i18n-frps-zh-cn                                          , v0.0.2-3
luci-i18n-hd-idle-zh-cn                                       , vgit-21.175.10795-3d7bad0-1
luci-i18n-ipsec-vpnd-zh-cn                                    , v1.0-9
luci-i18n-kodexplorer-zh-cn                                   , v13-1
luci-i18n-linkease-zh-cn                                      , v2.1.0-2
luci-i18n-minidlna-zh-cn                                      , vgit-21.175.10795-3d7bad0-1
luci-i18n-music-remote-center-zh-cn                           , v1-6
luci-i18n-mwan3-zh-cn                                         , vgit-21.175.10795-3d7bad0-1
luci-i18n-mwan3helper-zh-cn                                   , v1-3
luci-i18n-netdata-zh-cn                                       , v1.0-3
luci-i18n-nfs-zh-cn                                           , v1.1-1
luci-i18n-nlbwmon-zh-cn                                       , vgit-23.090.62029-650e6d2
luci-i18n-nps-zh-cn                                           , v1.1-4
luci-i18n-oaf-zh-cn                                           , v5.0-1
luci-i18n-openvpn-server-zh-cn                                , v2.0-18
luci-i18n-openvpn-zh-cn                                       , vgit-21.175.10795-3d7bad0-1
luci-i18n-passwall-zh-cn                                      , v4-26
luci-i18n-poweroff-zh-cn                                      , v20200726-1
luci-i18n-pptp-server-zh-cn                                   , v1-7-20210628
luci-i18n-ps3netsrv-zh-cn                                     , v1-2
luci-i18n-qbittorrent-zh-cn                                   , v1.0-21
luci-i18n-ramfree-zh-cn                                       , v1.0-1
luci-i18n-rclone-zh-cn                                        , v1.4.1-1
luci-i18n-samba4-zh-cn                                        , vgit-21.181.50546-a9b30b2-1
luci-i18n-socat-zh-cn                                         , vgit-21.178.65862-1258c4a-3
luci-i18n-softethervpn-zh-cn                                  , v1.0-3
luci-i18n-sqm-zh-cn                                           , v1.4.0-9
luci-i18n-ssr-plus-zh-cn                                      , v184-9
luci-i18n-syncthing-zh-cn                                     , v1.0-2
luci-i18n-timecontrol-zh-cn                                   , v1.0-1-20200402
luci-i18n-transmission-zh-cn                                  , vgit-21.175.10795-3d7bad0-1
luci-i18n-ttyd-zh-cn                                          , v1.0-3
luci-i18n-turboacc-zh-cn                                      , vgit-21.181.50546-a9b30b2-4
luci-i18n-uhttpd-zh-cn                                        , vgit-21.175.10795-3d7bad0-1
luci-i18n-unblockmusic-zh-cn                                  , v2.3.5-17
luci-i18n-upnp-zh-cn                                          , vgit-21.175.10795-3d7bad0-1
luci-i18n-usb-printer-zh-cn                                   , v1.0-2
luci-i18n-uugamebooster-zh-cn                                 , v1.0-8
luci-i18n-v2ray-server-zh-cn                                  , v13-1
luci-i18n-verysync-zh-cn                                      , v1.0-4
luci-i18n-vlmcsd-zh-cn                                        , v1.0-5
luci-i18n-vsftpd-zh-cn                                        , v1.0-3
luci-i18n-webadmin-zh-cn                                      , v2-1
luci-i18n-wireguard-zh-cn                                     , vgit-21.175.10795-3d7bad0-1
luci-i18n-wol-zh-cn                                           , vgit-21.175.10795-3d7bad0-1
luci-i18n-wrtbwmon-zh-cn                                      , v1.0-7
luci-i18n-zerotier-zh-cn                                      , v1.0-20
luci-lib-base                                                 , vgit-20.232.39649-1f6dc29
luci-lib-docker                                               , vv0.3.4-1
luci-lib-fs                                                   , v1.0-1
luci-lib-ip                                                   , vgit-21.175.10795-3d7bad0-1
luci-lib-ipkg                                                 , vgit-18.318.71164-4bbe325
luci-lib-jsonc                                                , vgit-22.097.61937-bc85ba5
luci-lib-nixio                                                , vgit-21.175.10795-3d7bad0-1
luci-mod-admin-full                                           , vgit-21.175.10795-3d7bad0-1
luci-mod-network                                              , vgit-22.244.54918-77c916e
luci-mod-status                                               , vgit-22.089.70019-d4f0b06
luci-mod-system                                               , vgit-23.013.73129-aa7938d
luci-newapi                                                   , vgit-21.175.10795-3d7bad0-1
luci-proto-bonding                                            , vgit-21.181.50546-a9b30b2-1
luci-proto-ipv6                                               , vgit-21.175.10795-3d7bad0-1
luci-proto-ppp                                                , vgit-21.175.10795-3d7bad0-1
luci-proto-wireguard                                          , vgit-21.175.10795-3d7bad0-1
luci-theme-argon-j                                            , v1.7.2-20210309
luci-theme-atmaterial-ColorIcon                               , v1-20200423
luci-theme-bootstrap                                          , vgit-22.288.45155-afd0012
luci-theme-darkmatter                                         , vunknown-1
luci-theme-edge                                               , v2.5-20210107
luci-theme-infinityfreedom                                    , v1.4.20200613-1
luci-theme-netgear                                            , vgit-21.181.50546-a9b30b2-3
lvm2                                                          , v2.03.12-1
mdadm                                                         , v4.1-2
mentohust                                                     , v4.0.0-2f9ef2d6df5d95c0faa2e542f1cb77114824e697
microsocks                                                    , v1.0.2-2
minidlna                                                      , v1.3.0-1
miniupnpd                                                     , v2.0.20170421-3
mkf2fs                                                        , v1.14.0-1
mount-utils                                                   , v2.36.1-2
mtd                                                           , v26
mwan3                                                         , v2.8.8-2
mxml                                                          , v3.2-1
naiveproxy                                                    , v91.0.4472.77-1-1
nano                                                          , v5.8-1
netdata                                                       , v1.30.1-1
netifd                                                        , v2021-06-04-50381d0a-1
nfs-kernel-server                                             , v2.5.2-1
nfs-kernel-server-utils                                       , v2.5.2-1
nfs-utils                                                     , v2.5.2-1
nfs-utils-libs                                                , v2.5.2-1
nftables-nojson                                               , v0.9.6-2
nginx                                                         , v1.19.6-2
nginx-ssl                                                     , v1.19.6-2
nginx-ssl-util                                                , v1.6-1
nginx-util                                                    , v1.6-1
nlbwmon                                                       , v2020-04-11.1-34a18876-3
node                                                          , vv14.17.1-1
npc                                                           , v0.26.9-1
nspr                                                          , v4.30-1
ocserv                                                        , v1.1.3-1
odhcp6c                                                       , v2021-01-09-53f07e90-18
odhcpd-ipv6only                                               , v2021-06-19-564d25e5-14
oniguruma5                                                    , v6.9.6-1
open-vm-tools                                                 , v11.2.5-1
open-vm-tools-fuse                                            , v11.2.5-1
openssh-sftp-client                                           , v8.6p1-1
openssh-sftp-server                                           , v8.6p1-1
openssl-util                                                  , v1.1.1k-1
openvpn-easy-rsa                                              , v3.0.8-3
openvpn-openssl                                               , v2.5.3-1
openvswitch                                                   , v2.15.0-1
openvswitch-common                                            , v2.15.0-1
openvswitch-libofproto                                        , v2.15.0-1
openvswitch-libopenvswitch                                    , v2.15.0-1
openvswitch-libovsdb                                          , v2.15.0-1
openvswitch-ovsdb                                             , v2.15.0-1
openvswitch-vswitchd                                          , v2.15.0-1
openwrt-keyring                                               , v2021-02-20-49283916-2
opkg                                                          , v2021-06-13-1bf042dd-4
p910nd                                                        , v0.97-9
parted                                                        , v3.4-1
pdnsd-alt                                                     , v1.2.9b-par-3
perl                                                          , v5.28.1-5
perlbase-base                                                 , v5.28.1-5
perlbase-bytes                                                , v5.28.1-5
perlbase-class                                                , v5.28.1-5
perlbase-config                                               , v5.28.1-5
perlbase-cwd                                                  , v5.28.1-5
perlbase-errno                                                , v5.28.1-5
perlbase-essential                                            , v5.28.1-5
perlbase-fcntl                                                , v5.28.1-5
perlbase-file                                                 , v5.28.1-5
perlbase-filehandle                                           , v5.28.1-5
perlbase-i18n                                                 , v5.28.1-5
perlbase-integer                                              , v5.28.1-5
perlbase-io                                                   , v5.28.1-5
perlbase-list                                                 , v5.28.1-5
perlbase-locale                                               , v5.28.1-5
perlbase-params                                               , v5.28.1-5
perlbase-posix                                                , v5.28.1-5
perlbase-re                                                   , v5.28.1-5
perlbase-scalar                                               , v5.28.1-5
perlbase-selectsaver                                          , v5.28.1-5
perlbase-socket                                               , v5.28.1-5
perlbase-symbol                                               , v5.28.1-5
perlbase-tie                                                  , v5.28.1-5
perlbase-unicore                                              , v5.28.1-5
perlbase-utf8                                                 , v5.28.1-5
perlbase-xsloader                                             , v5.28.1-5
php7                                                          , v7.4.20-1
php7-cgi                                                      , v7.4.20-1
php7-fpm                                                      , v7.4.20-1
php7-mod-curl                                                 , v7.4.20-1
php7-mod-dom                                                  , v7.4.20-1
php7-mod-gd                                                   , v7.4.20-1
php7-mod-iconv                                                , v7.4.20-1
php7-mod-json                                                 , v7.4.20-1
php7-mod-mbstring                                             , v7.4.20-1
php7-mod-mysqlnd                                              , v7.4.20-1
php7-mod-opcache                                              , v7.4.20-1
php7-mod-pdo                                                  , v7.4.20-1
php7-mod-pdo-mysql                                            , v7.4.20-1
php7-mod-pdo-sqlite                                           , v7.4.20-1
php7-mod-session                                              , v7.4.20-1
php7-mod-sqlite3                                              , v7.4.20-1
php7-mod-zip                                                  , v7.4.20-1
ppp                                                           , v2.4.8.git-2020-09-04-6
ppp-mod-pppoe                                                 , v2.4.8.git-2020-09-04-6
pptpd                                                         , v1.4.0-5
procd                                                         , v2021-05-05-021ece84-6
proto-bonding                                                 , v2021-04-09-1
ps3netsrv                                                     , v20190630-1
px5g-standalone                                               , v9
python-pip-conf                                               , v0.1-1
python3                                                       , v3.9.5-2
python3-asyncio                                               , v3.9.5-2
python3-base                                                  , v3.9.5-2
python3-bcrypt                                                , v3.1.7-4
python3-cffi                                                  , v1.14.5-1
python3-cgi                                                   , v3.9.5-2
python3-cgitb                                                 , v3.9.5-2
python3-codecs                                                , v3.9.5-2
python3-ctypes                                                , v3.9.5-2
python3-dbm                                                   , v3.9.5-2
python3-decimal                                               , v3.9.5-2
python3-distutils                                             , v3.9.5-2
python3-email                                                 , v3.9.5-2
python3-gdbm                                                  , v3.9.5-2
python3-light                                                 , v3.9.5-2
python3-logging                                               , v3.9.5-2
python3-lzma                                                  , v3.9.5-2
python3-multiprocessing                                       , v3.9.5-2
python3-ncurses                                               , v3.9.5-2
python3-openssl                                               , v3.9.5-2
python3-pip                                                   , v22.0.4-1
python3-pkg-resources                                         , v56.0.0-1
python3-ply                                                   , v3.11-2
python3-pycparser                                             , v2.20-5
python3-pydoc                                                 , v3.9.5-2
python3-readline                                              , v3.9.5-2
python3-setuptools                                            , v58.1.0-1
python3-six                                                   , v1.16.0-1
python3-speedtest-cli                                         , v2.1.3-1
python3-sqlite3                                               , v3.9.5-2
python3-texttable                                             , v1.6.3-1
python3-unittest                                              , v3.9.5-2
python3-urllib                                                , v3.9.5-2
python3-xml                                                   , v3.9.5-2
python3-yaml                                                  , v5.3.1-2
qBittorrent-static                                            , v4.3.6_v1.2.14-1
qemu-ga                                                       , v5.0.0-5
r8169-firmware                                                , v20210511-1
rclone                                                        , v1.53.0-1
rclone-ng                                                     , v0.5.0-1
rclone-webui-react                                            , v0.1.0-1
redsocks2                                                     , v0.67-4
resize2fs                                                     , v1.47.0-1
resolveip                                                     , v2
rpcbind                                                       , v1.2.5-4
rpcd                                                          , v2022-02-19-8d26a1ba-1
rpcd-mod-file                                                 , v2022-02-19-8d26a1ba-1
rpcd-mod-iwinfo                                               , v2022-02-19-8d26a1ba-1
rpcd-mod-luci                                                 , v20210614
rpcd-mod-rrdns                                                , v20170710
rt2800-usb-firmware                                           , v20210511-1
rt61-pci-firmware                                             , v20210511-1
rt73-usb-firmware                                             , v20210511-1
rtl8188eu-firmware                                            , v20210511-1
rtl8192ce-firmware                                            , v20210511-1
rtl8192cu-firmware                                            , v20210511-1
rtl8192de-firmware                                            , v20210511-1
rtl8192eu-firmware                                            , v20210511-1
rtl8192se-firmware                                            , v20210511-1
rtl8192su-firmware                                            , v20210511-1
rtl8723au-firmware                                            , v20210511-1
rtl8723bs-firmware                                            , v20210511-1
rtl8723bu-firmware                                            , v20210511-1
rtl8821ae-firmware                                            , v20210511-1
rtl8822be-firmware                                            , v20210511-1
rtl8822ce-firmware                                            , v20210511-1
ruby                                                          , v3.0.5-1
ruby-bigdecimal                                               , v3.0.1-1
ruby-date                                                     , v3.0.1-1
ruby-dbm                                                      , v3.0.1-1
ruby-digest                                                   , v3.0.1-1
ruby-enc                                                      , v3.0.1-1
ruby-forwardable                                              , v3.0.1-1
ruby-pstore                                                   , v3.0.1-1
ruby-psych                                                    , v3.0.1-1
ruby-stringio                                                 , v3.0.1-1
ruby-strscan                                                  , v3.0.1-1
ruby-yaml                                                     , v3.0.5-1
samba4-client                                                 , v4.13.9-1
samba4-libs                                                   , v4.13.9-1
samba4-server                                                 , v4.13.9-1
samba4-utils                                                  , v4.13.9-1
screen                                                        , v4.8.0-2
shadowsocks-libev-config                                      , v3.3.5-1
shadowsocks-libev-ss-local                                    , v3.3.5-1
shadowsocks-libev-ss-redir                                    , v3.3.5-1
shadowsocks-libev-ss-server                                   , v3.3.5-1
shadowsocks-rust-sslocal                                      , v1.11.1-1
shadowsocks-rust-ssserver                                     , v1.11.1-1
shadowsocksr-libev-ssr-check                                  , v2.5.6-9
shadowsocksr-libev-ssr-local                                  , v2.5.6-9
shadowsocksr-libev-ssr-redir                                  , v2.5.6-9
shadowsocksr-libev-ssr-server                                 , v2.5.6-9
shairport-sync-openssl                                        , v3.3.8-1
shellsync                                                     , v0.2-2
simple-obfs-client                                            , v0.0.5-3
smartmontools                                                 , v7.2-2
snmp-utils                                                    , v5.9-1
snmpd                                                         , v5.9-1
socat                                                         , v1.7.3.4-2
softethervpn5-bridge                                          , v5.01.9674-1
softethervpn5-client                                          , v5.01.9674-1
softethervpn5-libs                                            , v5.01.9674-1
softethervpn5-server                                          , v5.01.9674-1
sqlite3-cli                                                   , v3330000-2
sqm-scripts                                                   , v1.5.0-2
strongswan                                                    , v5.9.2-11
strongswan-charon                                             , v5.9.2-11
strongswan-ipsec                                              , v5.9.2-11
strongswan-minimal                                            , v5.9.2-11
strongswan-mod-aes                                            , v5.9.2-11
strongswan-mod-gmp                                            , v5.9.2-11
strongswan-mod-hmac                                           , v5.9.2-11
strongswan-mod-kernel-libipsec                                , v5.9.2-11
strongswan-mod-kernel-netlink                                 , v5.9.2-11
strongswan-mod-nonce                                          , v5.9.2-11
strongswan-mod-pubkey                                         , v5.9.2-11
strongswan-mod-random                                         , v5.9.2-11
strongswan-mod-sha1                                           , v5.9.2-11
strongswan-mod-socket-default                                 , v5.9.2-11
strongswan-mod-stroke                                         , v5.9.2-11
strongswan-mod-updown                                         , v5.9.2-11
strongswan-mod-x509                                           , v5.9.2-11
strongswan-mod-xauth-generic                                  , v5.9.2-11
strongswan-mod-xcbc                                           , v5.9.2-11
syncthing                                                     , v1.17.0-1
sysfsutils                                                    , v2.1.0-3
tc-full                                                       , v5.11.0-4
tc-mod-iptables                                               , v5.11.0-4
tcping                                                        , v0.3-1
terminfo                                                      , v6.2-2
transmission-daemon-openssl                                   , v2.94-8
transmission-web-control                                      , v2020-09-13-c26a0761-1
tree                                                          , v1.8.0-1
trojan                                                        , v1.16.0-2
trojan-go                                                     , v0.10.4-1
trojan-plus                                                   , v10.0.3-2
ttyd                                                          , v1.6.3-2
ubox                                                          , v2020-10-25-9ef88681-2
ubus                                                          , v2021-06-03-a8cf6782-2
ubusd                                                         , v2021-06-03-a8cf6782-2
uci                                                           , v2021-04-14-4b3db117-5
uclibcxx                                                      , v0.2.5-3
uclient-fetch                                                 , v2021-05-14-6a6011df-1
udpxy                                                         , v1.0-25.1-1
uhttpd                                                        , v2021-03-21-15346de8-2
uhttpd-mod-ubus                                               , v2021-03-21-15346de8-1
UnblockNeteaseMusic                                           , v0.26.0-2021-06-22-a3abdc19-2
UnblockNeteaseMusicGo                                         , v0.2.11-1
unzip                                                         , v6.0-8
urandom-seed                                                  , v3
urngd                                                         , v2020-01-21-c7f7b6b6-2
usb-modeswitch                                                , v2017-12-19-f40f84c2-2
usbids                                                        , v0.347-1
usbutils                                                      , v013-2
usign                                                         , v2020-05-23-f1f65026-1
uugamebooster                                                 , vv2.10.0-8
uuidgen                                                       , v2.36.1-2
v2ray-plugin                                                  , v4.41.0-1
verysync                                                      , vv2.8.2-1
vim                                                           , v8.2-4
virtio-console-helper                                         , v5.0.0-5
vlmcsd                                                        , vsvn1113-3
vsftpd-alt                                                    , v3.0.3-7
webui-aria2                                                   , v2018-12-09-fb9d758d-1
wget-ssl                                                      , v1.21.1-3
wireguard-tools                                               , v1.0.20210223-2
wireless-regdb                                                , v2021.04.21-1
wol                                                           , v0.7.1-3
wsdd2                                                         , v2020-11-19-e0cf50d5-1
xray-core                                                     , v1.4.2-1
xray-geodata                                                  , v1.4.2-1
xray-plugin                                                   , v1.4.2-1
yq                                                            , v4.33.2-1
zerotier                                                      , v1.6.5-1
zlib                                                          , v1.2.11-3
zoneinfo-asia                                                 , v2021a-1
zoneinfo-core                                                 , v2021a-1